Item,Price per unit,Nr of units,Total price,Link
Raspberry Pi Pico,$4.00,1,$4.00,https://www.raspberrypi.com/products/raspberry-pi-pico/
MT3608 boost converter breakout,~$1-4 (pack pricing varies),1,~$1-4,-
2x20 2.54mm female pin socket (Pico mount),-,1,-,-
2x7 2.54mm pin header (J1),~$0.20-0.39,1,~$0.20-0.39,https://www.aliexpress.com/item/4000186187780.html
1x04 2.54mm pin header (boost converter),~$0.10,1,~$0.10,-
1x02 2.54mm pin header + jumper (power cut),~$0.10,1,~$0.10,-
MD0/MD1 ID resistors 0603,-,2,-,-
10uF electrolytic + 100nF ceramic cap,-,1 each,-,-
Micro-USB-to-USB-A OTG adapter cable,-,1,-,-
PCB fab,-,1,-,https://jlcpcb.com/
Total,,,~$10 without controller,
